player,team,season,position,age,minutes,goals_per90,assists_per90,goal_contributions_per90
Ben White,Arsenal,2425,DF,26.0,1198,0.0,0.15,0.15
Bukayo Saka,Arsenal,2425,"FW,MF",22.0,1729,0.31,0.52,0.83
David Raya,Arsenal,2425,GK,28.0,3420,0.0,0.0,0.0
Declan Rice,Arsenal,2425,MF,25.0,2825,0.13,0.22,0.35
Gabriel Magalhães,Arsenal,2425,DF,26.0,2363,0.11,0.04,0.15
Gabriel Martinelli,Arsenal,2425,"FW,MF",23.0,2290,0.31,0.16,0.47
Jakub Kiwior,Arsenal,2425,DF,24.0,1122,0.08,0.0,0.08
Jurriën Timber,Arsenal,2425,DF,23.0,2417,0.04,0.11,0.15
Kai Havertz,Arsenal,2425,FW,25.0,1875,0.43,0.14,0.58
Leandro Trossard,Arsenal,2425,FW,29.0,2546,0.28,0.25,0.53
Martin Ødegaard,Arsenal,2425,MF,25.0,2325,0.12,0.31,0.43
Mikel Merino,Arsenal,2425,"MF,FW",28.0,1586,0.4,0.11,0.51
Myles Lewis-Skelly,Arsenal,2425,DF,17.0,1369,0.07,0.0,0.07
Riccardo Calafiori,Arsenal,2425,DF,22.0,983,0.18,0.09,0.27
Thomas Partey,Arsenal,2425,"MF,DF",31.0,2797,0.13,0.06,0.19
William Saliba,Arsenal,2425,DF,23.0,3039,0.06,0.0,0.06
Amadou Onana,Aston Villa,2425,MF,22.0,1617,0.17,0.0,0.17
Boubacar Kamara,Aston Villa,2425,"MF,DF",24.0,1726,0.05,0.0,0.05
Emiliano Martínez,Aston Villa,2425,GK,31.0,3194,0.0,0.0,0.0
Ezri Konsa,Aston Villa,2425,DF,26.0,2936,0.06,0.0,0.06
Ian Maatsen,Aston Villa,2425,DF,22.0,1139,0.08,0.16,0.24
Jacob Ramsey,Aston Villa,2425,MF,23.0,1623,0.06,0.17,0.22
John McGinn,Aston Villa,2425,MF,29.0,2223,0.04,0.16,0.2
Leon Bailey,Aston Villa,2425,MF,26.0,1139,0.08,0.16,0.24
Lucas Digne,Aston Villa,2425,DF,31.0,2351,0.0,0.15,0.15
Matty Cash,Aston Villa,2425,DF,26.0,2070,0.04,0.04,0.09
Morgan Rogers,Aston Villa,2425,MF,22.0,3114,0.23,0.29,0.52
Ollie Watkins,Aston Villa,2425,FW,28.0,2598,0.55,0.28,0.83
Pau Torres,Aston Villa,2425,DF,27.0,2020,0.0,0.0,0.0
Tyrone Mings,Aston Villa,2425,DF,31.0,1120,0.0,0.0,0.0
Youri Tielemans,Aston Villa,2425,MF,27.0,3026,0.09,0.21,0.3
Adam Smith,Bournemouth,2425,DF,33.0,1590,0.0,0.0,0.0
Antoine Semenyo,Bournemouth,2425,MF,24.0,3203,0.31,0.14,0.45
Dango Ouattara,Bournemouth,2425,"MF,FW",22.0,2005,0.31,0.18,0.49
David Brooks,Bournemouth,2425,MF,27.0,960,0.19,0.0,0.19
Dean Huijsen,Bournemouth,2425,DF,19.0,2427,0.11,0.07,0.19
Evanilson,Bournemouth,2425,FW,24.0,2319,0.39,0.04,0.43
Illia Zabarnyi,Bournemouth,2425,DF,21.0,3109,0.0,0.03,0.03
Justin Kluivert,Bournemouth,2425,MF,25.0,2340,0.46,0.23,0.69
Kepa Arrizabalaga,Bournemouth,2425,GK,29.0,2790,0.0,0.0,0.0
Lewis Cook,Bournemouth,2425,"MF,DF",27.0,2978,0.03,0.09,0.12
Marcos Senesi,Bournemouth,2425,DF,27.0,1106,0.0,0.0,0.0
Marcus Tavernier,Bournemouth,2425,MF,25.0,1939,0.14,0.23,0.37
Milos Kerkez,Bournemouth,2425,DF,20.0,3336,0.05,0.13,0.19
Ryan Christie,Bournemouth,2425,MF,29.0,2117,0.09,0.13,0.21
Tyler Adams,Bournemouth,2425,MF,25.0,1965,0.0,0.14,0.14
Bryan Mbeumo,Brentford,2425,"MF,FW",24.0,3414,0.53,0.18,0.71
Christian Nørgaard,Brentford,2425,MF,30.0,2819,0.16,0.13,0.29
Ethan Pinnock,Brentford,2425,DF,31.0,1913,0.09,0.0,0.09
Keane Lewis-Potter,Brentford,2425,"DF,MF",23.0,3093,0.03,0.09,0.12
Kevin Schade,Brentford,2425,"MF,FW",22.0,2293,0.43,0.08,0.51
Kristoffer Ajer,Brentford,2425,DF,26.0,1438,0.0,0.0,0.0
Mads Roerslev,Brentford,2425,DF,25.0,1101,0.0,0.16,0.16
Mark Flekken,Brentford,2425,GK,31.0,3275,0.0,0.05,0.05
Mikkel Damsgaard,Brentford,2425,MF,24.0,2911,0.06,0.31,0.37
Nathan Collins,Brentford,2425,DF,23.0,3420,0.05,0.08,0.13
Sepp van den Berg,Brentford,2425,DF,22.0,2586,0.0,0.0,0.0
Vitaly Janelt,Brentford,2425,MF,26.0,2254,0.04,0.12,0.16
Yehor Yarmoliuk,Brentford,2425,MF,20.0,1450,0.0,0.0,0.0
Yoane Wissa,Brentford,2425,FW,27.0,2919,0.59,0.12,0.71
Bart Verbruggen,Brighton,2425,GK,21.0,3240,0.0,0.03,0.03
Carlos Baleba,Brighton,2425,MF,20.0,2661,0.1,0.03,0.14
Danny Welbeck,Brighton,2425,FW,33.0,2115,0.43,0.17,0.6
Georginio Rutter,Brighton,2425,"MF,FW",22.0,1656,0.27,0.16,0.43
Igor,Brighton,2425,DF,26.0,961,0.0,0.0,0.0
Jack Hinshelwood,Brighton,2425,"MF,DF",19.0,1842,0.24,0.1,0.34
Jan Paul van Hecke,Brighton,2425,DF,24.0,2958,0.03,0.03,0.06
João Pedro,Brighton,2425,"FW,MF",22.0,1948,0.46,0.28,0.74
Joël Veltman,Brighton,2425,DF,32.0,1697,0.0,0.0,0.0
Kaoru Mitoma,Brighton,2425,MF,27.0,2603,0.35,0.14,0.48
Lewis Dunk,Brighton,2425,DF,32.0,2083,0.0,0.0,0.0
Mats Wieffer,Brighton,2425,"DF,MF",24.0,1015,0.09,0.27,0.35
Matt O'Riley,Brighton,2425,MF,23.0,938,0.19,0.19,0.38
Pervis Estupiñán,Brighton,2425,DF,26.0,2402,0.04,0.04,0.07
Simon Adingra,Brighton,2425,MF,22.0,1097,0.16,0.16,0.33
Yankuba Minteh,Brighton,2425,MF,20.0,1838,0.29,0.2,0.49
Yasin Ayari,Brighton,2425,MF,20.0,1965,0.09,0.05,0.14
Christopher Nkunku,Chelsea,2425,"MF,FW",26.0,921,0.29,0.2,0.49
Cole Palmer,Chelsea,2425,MF,22.0,3191,0.42,0.23,0.65
Enzo Fernández,Chelsea,2425,MF,23.0,2947,0.18,0.21,0.4
Jadon Sancho,Chelsea,2425,MF,24.0,1764,0.15,0.2,0.36
Levi Colwill,Chelsea,2425,DF,21.0,3149,0.06,0.03,0.09
Malo Gusto,Chelsea,2425,DF,21.0,1862,0.0,0.05,0.05
Marc Cucurella,Chelsea,2425,DF,26.0,2988,0.15,0.03,0.18
Moisés Caicedo,Chelsea,2425,"MF,DF",22.0,3351,0.03,0.05,0.08
Nicolas Jackson,Chelsea,2425,FW,23.0,2220,0.41,0.2,0.61
Noni Madueke,Chelsea,2425,MF,22.0,2033,0.31,0.13,0.44
Pedro Neto,Chelsea,2425,"MF,FW",24.0,2269,0.16,0.24,0.4
Reece James,Chelsea,2425,"DF,MF",24.0,1063,0.08,0.08,0.17
Robert Sánchez,Chelsea,2425,GK,26.0,2880,0.0,0.0,0.0
Tosin Adarabioyo,Chelsea,2425,DF,26.0,1409,0.06,0.06,0.13
Trevoh Chalobah,Chelsea,2425,DF,25.0,910,0.0,0.1,0.1
Wesley Fofana,Chelsea,2425,DF,23.0,1172,0.0,0.0,0.0
Adam Wharton,Crystal Palace,2425,MF,20.0,1318,0.0,0.14,0.14
Chris Richards,Crystal Palace,2425,DF,24.0,1922,0.05,0.0,0.05
Daichi Kamada,Crystal Palace,2425,MF,27.0,1564,0.0,0.0,0.0
Daniel Muñoz,Crystal Palace,2425,MF,28.0,3228,0.11,0.14,0.25
Dean Henderson,Crystal Palace,2425,GK,27.0,3420,0.0,0.0,0.0
Eberechi Eze,Crystal Palace,2425,MF,26.0,2588,0.28,0.28,0.56
Eddie Nketiah,Crystal Palace,2425,"FW,MF",25.0,1034,0.26,0.09,0.35
Ismaila Sarr,Crystal Palace,2425,MF,26.0,2711,0.27,0.2,0.46
Jean-Philippe Mateta,Crystal Palace,2425,FW,27.0,2648,0.48,0.07,0.54
Jefferson Lerma,Crystal Palace,2425,"MF,DF",29.0,2274,0.0,0.04,0.04
Marc Guéhi,Crystal Palace,2425,DF,24.0,3059,0.09,0.06,0.15
Maxence Lacroix,Crystal Palace,2425,DF,24.0,3116,0.03,0.03,0.06
Trevoh Chalobah,Crystal Palace,2425,DF,25.0,1060,0.25,0.0,0.25
Tyrick Mitchell,Crystal Palace,2425,MF,24.0,3092,0.0,0.15,0.15
Will Hughes,Crystal Palace,2425,MF,29.0,2108,0.0,0.13,0.13
Abdoulaye Doucouré,Everton,2425,MF,31.0,2564,0.11,0.07,0.18
Ashley Young,Everton,2425,DF,39.0,1875,0.05,0.14,0.19
Beto,Everton,2425,FW,26.0,1534,0.47,0.0,0.47
Dominic Calvert-Lewin,Everton,2425,FW,27.0,1609,0.17,0.06,0.22
Dwight McNeil,Everton,2425,MF,24.0,1371,0.26,0.39,0.66
Idrissa Gueye,Everton,2425,MF,34.0,3063,0.0,0.09,0.09
Iliman Ndiaye,Everton,2425,"MF,FW",24.0,2430,0.33,0.0,0.33
Jack Harrison,Everton,2425,"MF,FW",27.0,2076,0.04,0.0,0.04
Jake O'Brien,Everton,2425,DF,23.0,1571,0.11,0.0,0.11
James Garner,Everton,2425,"MF,DF",23.0,1594,0.0,0.06,0.06
James Tarkowski,Everton,2425,DF,31.0,2922,0.03,0.03,0.06
Jarrad Branthwaite,Everton,2425,DF,22.0,2511,0.0,0.04,0.04
Jesper Lindstrøm,Everton,2425,MF,24.0,1239,0.0,0.07,0.07
Jordan Pickford,Everton,2425,GK,30.0,3420,0.0,0.03,0.03
Michael Keane,Everton,2425,DF,31.0,1049,0.26,0.0,0.26
Orel Mangala,Everton,2425,MF,26.0,1261,0.07,0.0,0.07
Vitaliy Mykolenko,Everton,2425,DF,25.0,3082,0.03,0.06,0.09
Adama Traoré,Fulham,2425,MF,28.0,1772,0.1,0.36,0.46
Alex Iwobi,Fulham,2425,MF,28.0,2981,0.27,0.18,0.45
Andreas Pereira,Fulham,2425,MF,28.0,2013,0.09,0.18,0.27
Antonee Robinson,Fulham,2425,"DF,MF",26.0,3167,0.0,0.28,0.28
Bernd Leno,Fulham,2425,GK,32.0,3420,0.0,0.03,0.03
Calvin Bassey,Fulham,2425,DF,24.0,3074,0.03,0.0,0.03
Emile Smith Rowe,Fulham,2425,MF,24.0,2043,0.26,0.13,0.4
Harry Wilson,Fulham,2425,"MF,FW",27.0,1162,0.46,0.08,0.54
Issa Diop,Fulham,2425,DF,27.0,1339,0.0,0.0,0.0
Joachim Andersen,Fulham,2425,DF,28.0,2583,0.0,0.0,0.0
Kenny Tete,Fulham,2425,DF,28.0,1774,0.0,0.1,0.1
Raúl Jiménez,Fulham,2425,FW,33.0,2494,0.43,0.11,0.54
Rodrigo Muniz,Fulham,2425,FW,23.0,964,0.75,0.09,0.84
Sander Berge,Fulham,2425,MF,26.0,2224,0.0,0.0,0.0
Saša Lukić,Fulham,2425,MF,27.0,2344,0.0,0.08,0.08
Timothy Castagne,Fulham,2425,"DF,MF",28.0,1649,0.0,0.05,0.05
Alex Palmer,Ipswich Town,2425,GK,27.0,1170,0.0,0.0,0.0
Arijanet Muric,Ipswich Town,2425,GK,25.0,1620,0.0,0.0,0.0
Axel Tuanzebe,Ipswich Town,2425,DF,26.0,1710,0.0,0.05,0.05
Ben Johnson,Ipswich Town,2425,"MF,DF",24.0,1354,0.07,0.13,0.2
Cameron Burgess,Ipswich Town,2425,DF,28.0,1541,0.0,0.12,0.12
Dara O'Shea,Ipswich Town,2425,DF,25.0,3122,0.0,0.06,0.06
Jack Clarke,Ipswich Town,2425,MF,23.0,1181,0.0,0.3,0.3
Jacob Greaves,Ipswich Town,2425,DF,23.0,2205,0.04,0.0,0.04
Jens Cajuste,Ipswich Town,2425,MF,24.0,1959,0.05,0.05,0.09
Kalvin Phillips,Ipswich Town,2425,MF,28.0,1237,0.0,0.0,0.0
Leif Davis,Ipswich Town,2425,DF,24.0,2743,0.03,0.07,0.1
Liam Delap,Ipswich Town,2425,FW,21.0,2593,0.42,0.07,0.49
Luke Woolfenden,Ipswich Town,2425,DF,25.0,1187,0.0,0.0,0.0
Omari Hutchinson,Ipswich Town,2425,MF,20.0,2583,0.1,0.07,0.17
Sam Morsy,Ipswich Town,2425,MF,32.0,2751,0.03,0.03,0.07
Sammie Szmodics,Ipswich Town,2425,MF,28.0,992,0.36,0.0,0.36
Wes Burns,Ipswich Town,2425,MF,29.0,926,0.0,0.1,0.1
Bilal El Khannouss,Leicester City,2425,MF,20.0,2182,0.08,0.12,0.21
Boubakary Soumaré,Leicester City,2425,MF,25.0,2171,0.0,0.0,0.0
Caleb Okoli,Leicester City,2425,DF,23.0,1125,0.08,0.0,0.08
Conor Coady,Leicester City,2425,DF,31.0,1714,0.05,0.0,0.05
Facundo Buonanotte,Leicester City,2425,"MF,FW",19.0,1523,0.3,0.12,0.41
Harry Winks,Leicester City,2425,MF,28.0,1538,0.0,0.12,0.12
Jakub Stolarczyk,Leicester City,2425,GK,23.0,900,0.0,0.0,0.0
James Justin,Leicester City,2425,"DF,MF",26.0,2912,0.06,0.06,0.12
Jamie Vardy,Leicester City,2425,FW,37.0,2823,0.29,0.13,0.41
Jannik Vestergaard,Leicester City,2425,DF,31.0,1391,0.0,0.0,0.0
Jordan Ayew,Leicester City,2425,MF,32.0,1638,0.27,0.0,0.27
Luke Thomas,Leicester City,2425,DF,23.0,1110,0.0,0.0,0.0
Mads Hermansen,Leicester City,2425,GK,24.0,2385,0.0,0.0,0.0
Oliver Skipp,Leicester City,2425,MF,23.0,1129,0.0,0.0,0.0
Stephy Mavididi,Leicester City,2425,MF,26.0,1615,0.22,0.06,0.28
Victor Bernth Kristiansen,Leicester City,2425,"DF,MF",21.0,2482,0.0,0.04,0.04
Wilfred Ndidi,Leicester City,2425,MF,27.0,2324,0.0,0.19,0.19
Wout Faes,Leicester City,2425,DF,26.0,2815,0.03,0.0,0.03
Alexis Mac Allister,Liverpool,2425,MF,25.0,2599,0.17,0.17,0.35
Alisson,Liverpool,2425,GK,31.0,2508,0.0,0.0,0.0
Andy Robertson,Liverpool,2425,DF,30.0,2482,0.0,0.04,0.04
Caoimhín Kelleher,Liverpool,2425,GK,25.0,900,0.0,0.0,0.0
Cody Gakpo,Liverpool,2425,MF,25.0,1935,0.47,0.19,0.65
Curtis Jones,Liverpool,2425,"MF,DF",23.0,1712,0.16,0.16,0.32
Darwin Núñez,Liverpool,2425,FW,25.0,1133,0.4,0.16,0.56
Diogo Jota,Liverpool,2425,FW,27.0,1196,0.45,0.23,0.68
Dominik Szoboszlai,Liverpool,2425,MF,23.0,2491,0.22,0.22,0.43
Ibrahima Konaté,Liverpool,2425,DF,25.0,2560,0.04,0.07,0.11
Luis Díaz,Liverpool,2425,"FW,MF",27.0,2399,0.49,0.19,0.68
Mohamed Salah,Liverpool,2425,MF,32.0,3371,0.77,0.48,1.25
Ryan Gravenberch,Liverpool,2425,MF,22.0,3160,0.0,0.11,0.11
Trent Alexander-Arnold,Liverpool,2425,DF,25.0,2365,0.11,0.23,0.34
Virgil van Dijk,Liverpool,2425,DF,33.0,3330,0.08,0.03,0.11
Bernardo Silva,Manchester City,2425,MF,29.0,2670,0.13,0.13,0.27
Ederson Moraes,Manchester City,2425,GK,30.0,2320,0.0,0.16,0.16
Erling Haaland,Manchester City,2425,FW,24.0,2736,0.72,0.1,0.82
Jeremy Doku,Manchester City,2425,"MF,FW",22.0,1516,0.18,0.36,0.53
Joško Gvardiol,Manchester City,2425,DF,22.0,3277,0.14,0.0,0.14
Kevin De Bruyne,Manchester City,2425,"MF,FW",33.0,1702,0.21,0.37,0.58
Kyle Walker,Manchester City,2425,DF,34.0,970,0.0,0.0,0.0
Manuel Akanji,Manchester City,2425,"DF,MF",29.0,2014,0.0,0.0,0.0
Mateo Kovačić,Manchester City,2425,"MF,DF",30.0,2198,0.25,0.08,0.33
Matheus Nunes,Manchester City,2425,"DF,MF",25.0,1674,0.05,0.32,0.38
Omar Marmoush,Manchester City,2425,"MF,FW",25.0,1175,0.54,0.0,0.54
Phil Foden,Manchester City,2425,"MF,FW",24.0,1777,0.35,0.1,0.46
Rico Lewis,Manchester City,2425,"DF,MF",19.0,1893,0.05,0.1,0.14
Rúben Dias,Manchester City,2425,"DF,MF",27.0,2271,0.0,0.0,0.0
Stefan Ortega,Manchester City,2425,GK,31.0,1100,0.0,0.0,0.0
Sávio,Manchester City,2425,"MF,FW",20.0,1766,0.05,0.41,0.46
İlkay Gündoğan,Manchester City,2425,MF,33.0,2223,0.04,0.24,0.28
Alejandro Garnacho,Manchester Utd,2425,MF,20.0,2199,0.25,0.08,0.33
Amad Diallo,Manchester Utd,2425,"MF,FW",22.0,1901,0.38,0.28,0.66
André Onana,Manchester Utd,2425,GK,28.0,3060,0.0,0.0,0.0
Bruno Fernandes,Manchester Utd,2425,MF,29.0,3018,0.24,0.3,0.54
Casemiro,Manchester Utd,2425,MF,32.0,1494,0.06,0.0,0.06
Christian Eriksen,Manchester Utd,2425,MF,32.0,1061,0.08,0.17,0.25
Diogo Dalot,Manchester Utd,2425,"MF,DF",25.0,2814,0.0,0.1,0.1
Harry Maguire,Manchester Utd,2425,DF,31.0,1758,0.05,0.0,0.05
Joshua Zirkzee,Manchester Utd,2425,"FW,MF",23.0,1402,0.19,0.06,0.26
Kobbie Mainoo,Manchester Utd,2425,MF,19.0,1651,0.0,0.0,0.0
Leny Yoro,Manchester Utd,2425,DF,18.0,1165,0.0,0.0,0.0
Lisandro Martínez,Manchester Utd,2425,DF,26.0,1751,0.1,0.05,0.15
Manuel Ugarte,Manchester Utd,2425,MF,23.0,1785,0.05,0.1,0.15
Marcus Rashford,Manchester Utd,2425,MF,26.0,978,0.37,0.09,0.46
Matthijs de Ligt,Manchester Utd,2425,DF,24.0,2123,0.08,0.0,0.08
Noussair Mazraoui,Manchester Utd,2425,"DF,MF",26.0,2838,0.0,0.03,0.03
Rasmus Højlund,Manchester Utd,2425,FW,21.0,2004,0.18,0.0,0.18
Alexander Isak,Newcastle,2425,FW,24.0,2756,0.75,0.2,0.95
Anthony Gordon,Newcastle,2425,"FW,MF",23.0,2434,0.22,0.18,0.41
Bruno Guimarães,Newcastle,2425,MF,26.0,3271,0.14,0.17,0.3
Dan Burn,Newcastle,2425,DF,32.0,3330,0.03,0.03,0.05
Fabian Schär,Newcastle,2425,DF,32.0,2934,0.12,0.0,0.12
Harvey Barnes,Newcastle,2425,"FW,MF",26.0,1755,0.46,0.21,0.67
Jacob Murphy,Newcastle,2425,"FW,MF",29.0,2360,0.31,0.46,0.76
Joe Willock,Newcastle,2425,MF,24.0,1086,0.0,0.17,0.17
Joelinton,Newcastle,2425,"MF,FW",27.0,2393,0.15,0.11,0.26
Kieran Trippier,Newcastle,2425,DF,33.0,1309,0.0,0.21,0.21
Lewis Hall,Newcastle,2425,DF,19.0,2189,0.0,0.16,0.16
Martin Dúbravka,Newcastle,2425,GK,35.0,900,0.0,0.0,0.0
Nick Pope,Newcastle,2425,GK,32.0,2520,0.0,0.0,0.0
Sandro Tonali,Newcastle,2425,MF,24.0,2630,0.14,0.07,0.21
Tino Livramento,Newcastle,2425,DF,21.0,2840,0.0,0.03,0.03
Anthony Elanga,Nottingham,2425,"MF,FW",22.0,2501,0.22,0.4,0.61
Callum Hudson-Odoi,Nottingham,2425,MF,23.0,2194,0.21,0.08,0.29
Chris Wood,Nottingham,2425,FW,32.0,2959,0.61,0.09,0.7
Elliot Anderson,Nottingham,2425,MF,21.0,2728,0.07,0.2,0.26
Matz Sels,Nottingham,2425,GK,32.0,3420,0.0,0.0,0.0
Morato,Nottingham,2425,DF,23.0,907,0.0,0.0,0.0
Morgan Gibbs-White,Nottingham,2425,MF,24.0,2803,0.22,0.26,0.48
Murillo,Nottingham,2425,DF,22.0,3188,0.06,0.0,0.06
Neco Williams,Nottingham,2425,"DF,MF",23.0,2594,0.03,0.1,0.14
Nicolás Domínguez,Nottingham,2425,MF,26.0,1963,0.0,0.05,0.05
Nikola Milenković,Nottingham,2425,DF,26.0,3330,0.14,0.05,0.19
Ola Aina,Nottingham,2425,DF,27.0,2995,0.06,0.03,0.09
Ryan Yates,Nottingham,2425,MF,26.0,1915,0.09,0.05,0.14
Álex Moreno,Nottingham,2425,DF,31.0,955,0.0,0.09,0.09
Aaron Ramsdale,Southampton,2425,GK,26.0,2700,0.0,0.0,0.0
Adam Armstrong,Southampton,2425,"FW,MF",27.0,1248,0.14,0.14,0.29
Cameron Archer,Southampton,2425,FW,23.0,1441,0.12,0.0,0.12
Flynn Downes,Southampton,2425,MF,25.0,2151,0.04,0.0,0.04
Jack Stephens,Southampton,2425,DF,30.0,1389,0.06,0.0,0.06
James Bree,Southampton,2425,"DF,MF",26.0,1075,0.0,0.08,0.08
Jan Bednarek,Southampton,2425,DF,28.0,2531,0.07,0.0,0.07
Joe Aribo,Southampton,2425,MF,28.0,2013,0.13,0.0,0.13
Kamaldeen Sulemana,Southampton,2425,"FW,MF",22.0,1402,0.06,0.06,0.13
Kyle Walker-Peters,Southampton,2425,"MF,DF",27.0,2918,0.0,0.06,0.06
Lesley Ugochukwu,Southampton,2425,MF,20.0,1655,0.05,0.05,0.11
Mateus Fernandes,Southampton,2425,MF,20.0,2909,0.06,0.12,0.19
Paul Onuachu,Southampton,2425,FW,30.0,1050,0.34,0.09,0.43
Ryan Manning,Southampton,2425,"DF,MF",28.0,1462,0.0,0.06,0.06
Taylor Harwood-Bellis,Southampton,2425,DF,22.0,2825,0.03,0.0,0.03
Tyler Dibling,Southampton,2425,"MF,FW",18.0,1874,0.1,0.0,0.1
Yukinari Sugawara,Southampton,2425,"MF,DF",24.0,1557,0.06,0.06,0.12
Archie Gray,Tottenham,2425,"DF,MF",18.0,1751,0.0,0.0,0.0
Ben Davies,Tottenham,2425,DF,31.0,1331,0.0,0.0,0.0
Brennan Johnson,Tottenham,2425,"FW,MF",23.0,2177,0.45,0.12,0.58
Cristian Romero,Tottenham,2425,DF,26.0,1416,0.06,0.0,0.06
Dejan Kulusevski,Tottenham,2425,"MF,FW",24.0,2389,0.26,0.15,0.41
Destiny Udogie,Tottenham,2425,DF,21.0,1924,0.0,0.05,0.05
Djed Spence,Tottenham,2425,DF,23.0,1792,0.05,0.1,0.15
Dominic Solanke,Tottenham,2425,FW,26.0,2201,0.37,0.12,0.49
Guglielmo Vicario,Tottenham,2425,GK,27.0,2160,0.0,0.0,0.0
James Maddison,Tottenham,2425,MF,27.0,1809,0.45,0.35,0.8
Lucas Bergvall,Tottenham,2425,MF,18.0,1212,0.0,0.07,0.07
Mathys Tel,Tottenham,2425,FW,19.0,911,0.2,0.1,0.3
Micky van de Ven,Tottenham,2425,DF,23.0,1015,0.0,0.18,0.18
Pape Matar Sarr,Tottenham,2425,MF,21.0,1913,0.14,0.09,0.24
Pedro Porro,Tottenham,2425,DF,24.0,2610,0.07,0.21,0.28
Radu Drăgușin,Tottenham,2425,DF,22.0,1252,0.0,0.0,0.0
Rodrigo Bentancur,Tottenham,2425,MF,27.0,1645,0.11,0.0,0.11
Son Heung-min,Tottenham,2425,"FW,MF",32.0,2110,0.3,0.38,0.68
Yves Bissouma,Tottenham,2425,MF,27.0,1408,0.13,0.0,0.13
Aaron Wan-Bissaka,West Ham,2425,"DF,MF",26.0,3154,0.06,0.14,0.2
Alphonse Areola,West Ham,2425,GK,31.0,2260,0.0,0.0,0.0
Carlos Soler,West Ham,2425,MF,27.0,1409,0.06,0.06,0.13
Edson Álvarez,West Ham,2425,MF,26.0,1772,0.0,0.05,0.05
Emerson Palmieri,West Ham,2425,"DF,MF",29.0,2113,0.09,0.04,0.13
Guido Rodríguez,West Ham,2425,MF,30.0,1149,0.0,0.08,0.08
James Ward-Prowse,West Ham,2425,MF,29.0,1039,0.09,0.09,0.17
Jarrod Bowen,West Ham,2425,"MF,FW",27.0,2973,0.39,0.24,0.64
Jean-Clair Todibo,West Ham,2425,DF,24.0,1825,0.0,0.0,0.0
Konstantinos Mavropanos,West Ham,2425,DF,26.0,2045,0.0,0.0,0.0
Lucas Paquetá,West Ham,2425,"MF,FW",26.0,2380,0.15,0.0,0.15
Max Kilman,West Ham,2425,DF,27.0,3348,0.0,0.03,0.03
Mohammed Kudus,West Ham,2425,"MF,FW",23.0,2590,0.17,0.1,0.28
Tomáš Souček,West Ham,2425,MF,29.0,2567,0.32,0.04,0.35
Vladimír Coufal,West Ham,2425,"DF,MF",31.0,1067,0.0,0.0,0.0
Łukasz Fabiański,West Ham,2425,GK,39.0,1160,0.0,0.0,0.0
André,Wolves,2425,MF,23.0,2472,0.0,0.0,0.0
Craig Dawson,Wolves,2425,DF,34.0,971,0.0,0.0,0.0
Emmanuel Agbadou,Wolves,2425,DF,27.0,1410,0.06,0.0,0.06
Gonçalo Guedes,Wolves,2425,"MF,FW",27.0,995,0.18,0.36,0.54
Jean-Ricner Bellegarde,Wolves,2425,MF,26.0,1677,0.11,0.38,0.48
José Sá,Wolves,2425,GK,31.0,2609,0.0,0.0,0.0
João Gomes,Wolves,2425,MF,23.0,2974,0.09,0.03,0.12
Jørgen Strand Larsen,Wolves,2425,FW,24.0,2587,0.49,0.14,0.63
Mario Lemina,Wolves,2425,"MF,DF",30.0,1364,0.07,0.2,0.26
Marshall Munetsi,Wolves,2425,"MF,FW",28.0,1078,0.17,0.08,0.25
Matheus Cunha,Wolves,2425,MF,25.0,2597,0.52,0.21,0.73
Matt Doherty,Wolves,2425,"DF,MF",32.0,2109,0.09,0.04,0.13
Nélson Semedo,Wolves,2425,"MF,DF",30.0,2886,0.0,0.12,0.12
Rayan Aït-Nouri,Wolves,2425,"MF,DF",23.0,3109,0.12,0.2,0.32
Santiago Bueno,Wolves,2425,DF,25.0,1687,0.0,0.0,0.0
Toti Gomes,Wolves,2425,DF,25.0,2614,0.0,0.03,0.03
Bukayo Saka,Arsenal,2526,"FW,MF",23.0,2222,0.28,0.2,0.49
Cristhian Mosquera,Arsenal,2526,DF,21.0,994,0.0,0.0,0.0
David Raya,Arsenal,2526,GK,29.0,3330,0.0,0.0,0.0
Declan Rice,Arsenal,2526,MF,26.0,3094,0.12,0.15,0.26
Eberechi Eze,Arsenal,2526,"MF,FW",27.0,1812,0.35,0.1,0.45
Gabriel Magalhães,Arsenal,2526,DF,27.0,2751,0.1,0.13,0.23
Gabriel Martinelli,Arsenal,2526,"FW,MF",24.0,1081,0.08,0.33,0.42
Jurriën Timber,Arsenal,2526,DF,24.0,2454,0.11,0.18,0.29
Leandro Trossard,Arsenal,2526,"FW,MF",30.0,2000,0.27,0.27,0.54
Martin Ødegaard,Arsenal,2526,MF,26.0,1369,0.07,0.39,0.46
Martín Zubimendi,Arsenal,2526,MF,26.0,2992,0.15,0.03,0.18
Mikel Merino,Arsenal,2526,"MF,FW",29.0,1036,0.35,0.26,0.61
Noni Madueke,Arsenal,2526,"FW,MF",23.0,1211,0.22,0.07,0.3
Piero Hincapié,Arsenal,2526,DF,23.0,1792,0.05,0.1,0.15
Riccardo Calafiori,Arsenal,2526,DF,23.0,1699,0.05,0.11,0.16
Viktor Gyökeres,Arsenal,2526,FW,27.0,2224,0.57,0.04,0.61
William Saliba,Arsenal,2526,DF,24.0,2614,0.03,0.0,0.03
Amadou Onana,Aston Villa,2526,MF,23.0,1758,0.1,0.0,0.1
Boubacar Kamara,Aston Villa,2526,MF,25.0,1411,0.06,0.19,0.26
Emi Buendía,Aston Villa,2526,MF,28.0,1755,0.31,0.1,0.41
Emiliano Martínez,Aston Villa,2526,GK,32.0,2835,0.0,0.03,0.03
Ezri Konsa,Aston Villa,2526,DF,27.0,3035,0.0,0.0,0.0
Ian Maatsen,Aston Villa,2526,DF,23.0,1605,0.0,0.06,0.06
John McGinn,Aston Villa,2526,MF,30.0,2137,0.21,0.17,0.38
Lamare Bogarde,Aston Villa,2526,"MF,DF",21.0,1053,0.0,0.0,0.0
Lucas Digne,Aston Villa,2526,DF,32.0,1852,0.0,0.29,0.29
Matty Cash,Aston Villa,2526,DF,27.0,3014,0.09,0.09,0.18
Morgan Rogers,Aston Villa,2526,MF,23.0,3280,0.27,0.16,0.44
Ollie Watkins,Aston Villa,2526,FW,29.0,2839,0.51,0.1,0.6
Pau Torres,Aston Villa,2526,DF,28.0,1676,0.0,0.0,0.0
Tyrone Mings,Aston Villa,2526,DF,32.0,1324,0.0,0.0,0.0
Victor Lindelöf,Aston Villa,2526,"DF,MF",31.0,948,0.0,0.09,0.09
Youri Tielemans,Aston Villa,2526,MF,28.0,1862,0.0,0.19,0.19
Adam Smith,Bournemouth,2526,DF,34.0,1077,0.0,0.17,0.17
Adrien Truffert,Bournemouth,2526,DF,23.0,3379,0.03,0.13,0.16
Alex Scott,Bournemouth,2526,MF,21.0,2849,0.09,0.03,0.13
Amine Adli,Bournemouth,2526,MF,25.0,1094,0.25,0.08,0.33
Antoine Semenyo,Bournemouth,2526,MF,25.0,1798,0.5,0.15,0.65
Bafodé Diakité,Bournemouth,2526,DF,24.0,1277,0.0,0.0,0.0
David Brooks,Bournemouth,2526,MF,28.0,1204,0.07,0.22,0.3
Eli Junior Kroupi,Bournemouth,2526,"MF,FW",19.0,1672,0.7,0.0,0.7
Evanilson,Bournemouth,2526,FW,25.0,2742,0.2,0.03,0.23
James Hill,Bournemouth,2526,DF,23.0,2106,0.0,0.13,0.13
Justin Kluivert,Bournemouth,2526,MF,26.0,952,0.19,0.0,0.19
Marcos Senesi,Bournemouth,2526,DF,28.0,3288,0.0,0.14,0.14
Marcus Tavernier,Bournemouth,2526,MF,26.0,2731,0.23,0.13,0.36
Rayan,Bournemouth,2526,MF,18.0,1111,0.41,0.16,0.57
Ryan Christie,Bournemouth,2526,MF,30.0,994,0.18,0.0,0.18
Tyler Adams,Bournemouth,2526,MF,26.0,1772,0.1,0.1,0.2
Álex Jiménez,Bournemouth,2526,"DF,MF",20.0,2317,0.04,0.0,0.04
Đorđe Petrović,Bournemouth,2526,GK,25.0,3420,0.0,0.0,0.0
Caoimhín Kelleher,Brentford,2526,GK,26.0,3330,0.0,0.0,0.0
Dango Ouattara,Brentford,2526,MF,23.0,2276,0.28,0.12,0.4
Igor Thiago,Brentford,2526,FW,24.0,3282,0.6,0.03,0.63
Jordan Henderson,Brentford,2526,MF,35.0,1919,0.05,0.14,0.19
Keane Lewis-Potter,Brentford,2526,"DF,MF",24.0,1972,0.14,0.14,0.27
Kevin Schade,Brentford,2526,"MF,FW",23.0,2745,0.26,0.1,0.36
Kristoffer Ajer,Brentford,2526,DF,27.0,1810,0.0,0.05,0.05
Mathias Jensen,Brentford,2526,MF,29.0,2247,0.12,0.04,0.16
Michael Kayode,Brentford,2526,DF,21.0,3258,0.03,0.03,0.06
Mikkel Damsgaard,Brentford,2526,MF,25.0,2054,0.18,0.18,0.35
Nathan Collins,Brentford,2526,DF,24.0,2975,0.03,0.06,0.09
Rico Henry,Brentford,2526,DF,28.0,1328,0.0,0.07,0.07
Sepp van den Berg,Brentford,2526,DF,23.0,2763,0.0,0.07,0.07
Vitaly Janelt,Brentford,2526,MF,27.0,1443,0.06,0.25,0.31
Yehor Yarmoliuk,Brentford,2526,MF,21.0,2659,0.03,0.07,0.1
Bart Verbruggen,Brighton,2526,GK,22.0,3420,0.0,0.0,0.0
Carlos Baleba,Brighton,2526,MF,21.0,1652,0.0,0.0,0.0
Danny Welbeck,Brighton,2526,FW,34.0,2258,0.52,0.04,0.56
Diego Gómez,Brighton,2526,"MF,FW",22.0,2120,0.21,0.04,0.25
Ferdi Kadioglu,Brighton,2526,"DF,MF",25.0,3133,0.03,0.0,0.03
Georginio Rutter,Brighton,2526,"MF,FW",23.0,1786,0.15,0.15,0.3
Jack Hinshelwood,Brighton,2526,MF,20.0,1741,0.21,0.16,0.36
Jan Paul van Hecke,Brighton,2526,DF,25.0,3210,0.08,0.08,0.17
Joël Veltman,Brighton,2526,DF,33.0,1058,0.09,0.0,0.09
Kaoru Mitoma,Brighton,2526,"MF,FW",28.0,1721,0.16,0.05,0.21
Lewis Dunk,Brighton,2526,DF,33.0,2838,0.03,0.0,0.03
Mats Wieffer,Brighton,2526,DF,25.0,1903,0.09,0.14,0.24
Maxim De Cuyper,Brighton,2526,"DF,MF",24.0,1414,0.13,0.19,0.32
Pascal Groß,Brighton,2526,MF,34.0,1636,0.06,0.17,0.22
Yankuba Minteh,Brighton,2526,MF,21.0,2391,0.11,0.15,0.26
Yasin Ayari,Brighton,2526,MF,21.0,1929,0.14,0.14,0.28
Axel Tuanzebe,Burnley,2526,DF,27.0,1201,0.07,0.0,0.07
Bashir Humphreys,Burnley,2526,"DF,MF",22.0,1578,0.0,0.0,0.0
Florentino Luís,Burnley,2526,MF,25.0,2105,0.0,0.09,0.09
Hannibal Mejbri,Burnley,2526,MF,22.0,1229,0.07,0.29,0.37
Hjalmar Ekdal,Burnley,2526,DF,26.0,1539,0.0,0.0,0.0
Jacob Bruun Larsen,Burnley,2526,"MF,FW",26.0,1030,0.0,0.09,0.09
Jaidon Anthony,Burnley,2526,MF,25.0,2722,0.26,0.07,0.33
Josh Cullen,Burnley,2526,MF,29.0,1514,0.12,0.12,0.24
Josh Laurent,Burnley,2526,"DF,MF",30.0,1764,0.05,0.0,0.05
Kyle Walker,Burnley,2526,"DF,MF",35.0,3096,0.0,0.06,0.06
Lesley Ugochukwu,Burnley,2526,MF,21.0,2336,0.12,0.04,0.15
Loum Tchaouna,Burnley,2526,"MF,FW",21.0,1272,0.14,0.07,0.21
Lucas,Burnley,2526,"MF,DF",24.0,1409,0.0,0.0,0.0
Lyle Foster,Burnley,2526,"FW,MF",24.0,1371,0.2,0.13,0.33
Marcus Edwards,Burnley,2526,"MF,FW",26.0,1067,0.08,0.25,0.34
Martin Dúbravka,Burnley,2526,GK,36.0,3150,0.0,0.0,0.0
Maxime Estève,Burnley,2526,DF,23.0,2932,0.0,0.0,0.0
Quilindschy Hartman,Burnley,2526,DF,23.0,1825,0.0,0.25,0.25
Zian Flemming,Burnley,2526,FW,26.0,1769,0.56,0.0,0.56
Alejandro Garnacho,Chelsea,2526,MF,21.0,1268,0.07,0.28,0.35
Andrey Santos,Chelsea,2526,MF,21.0,1260,0.07,0.0,0.07
Cole Palmer,Chelsea,2526,MF,23.0,1955,0.46,0.05,0.51
Enzo Fernández,Chelsea,2526,MF,24.0,3115,0.29,0.12,0.4
Jorrel Hato,Chelsea,2526,DF,19.0,1148,0.0,0.0,0.0
João Pedro,Chelsea,2526,"FW,MF",23.0,2661,0.51,0.17,0.68
Liam Delap,Chelsea,2526,FW,22.0,1107,0.08,0.0,0.08
Malo Gusto,Chelsea,2526,"DF,MF",22.0,2261,0.08,0.12,0.2
Marc Cucurella,Chelsea,2526,DF,27.0,2707,0.03,0.13,0.17
Moisés Caicedo,Chelsea,2526,MF,23.0,2795,0.1,0.03,0.13
Pedro Neto,Chelsea,2526,"MF,FW",25.0,2631,0.17,0.21,0.38
Reece James,Chelsea,2526,"DF,MF",25.0,1963,0.09,0.18,0.28
Robert Sánchez,Chelsea,2526,GK,27.0,3039,0.0,0.03,0.03
Trevoh Chalobah,Chelsea,2526,DF,26.0,2783,0.1,0.0,0.1
Wesley Fofana,Chelsea,2526,DF,24.0,1722,0.0,0.05,0.05
Adam Wharton,Crystal Palace,2526,MF,21.0,2552,0.04,0.18,0.21
Brennan Johnson,Crystal Palace,2526,"MF,FW",24.0,1112,0.0,0.08,0.08
Chris Richards,Crystal Palace,2526,DF,25.0,2827,0.03,0.0,0.03
Daichi Kamada,Crystal Palace,2526,MF,28.0,1902,0.0,0.0,0.0
Daniel Muñoz,Crystal Palace,2526,MF,29.0,2399,0.15,0.11,0.26
Dean Henderson,Crystal Palace,2526,GK,28.0,3330,0.0,0.0,0.0
Ismaila Sarr,Crystal Palace,2526,MF,27.0,2174,0.37,0.04,0.41
Jaydee Canvot,Crystal Palace,2526,DF,19.0,1336,0.0,0.0,0.0
Jean-Philippe Mateta,Crystal Palace,2526,FW,28.0,2218,0.49,0.0,0.49
Jefferson Lerma,Crystal Palace,2526,"MF,DF",30.0,1733,0.0,0.1,0.1
Jørgen Strand Larsen,Crystal Palace,2526,FW,25.0,903,0.3,0.0,0.3
Marc Guéhi,Crystal Palace,2526,DF,25.0,1800,0.1,0.1,0.2
Maxence Lacroix,Crystal Palace,2526,DF,25.0,3085,0.03,0.06,0.09
Tyrick Mitchell,Crystal Palace,2526,MF,25.0,3251,0.03,0.06,0.08
Will Hughes,Crystal Palace,2526,MF,30.0,1571,0.0,0.0,0.0
Yéremy Pino,Crystal Palace,2526,"MF,FW",22.0,2080,0.09,0.09,0.17
Beto,Everton,2526,FW,27.0,1568,0.52,0.06,0.57
Dwight McNeil,Everton,2526,MF,25.0,1168,0.0,0.08,0.08
Idrissa Gueye,Everton,2526,MF,35.0,2093,0.09,0.13,0.22
Iliman Ndiaye,Everton,2526,MF,25.0,2778,0.19,0.1,0.29
Jack Grealish,Everton,2526,MF,29.0,1627,0.11,0.33,0.44
Jake O'Brien,Everton,2526,DF,24.0,3120,0.03,0.03,0.06
James Garner,Everton,2526,"MF,DF",24.0,3413,0.05,0.18,0.24
James Tarkowski,Everton,2526,DF,32.0,3330,0.05,0.08,0.14
Jordan Pickford,Everton,2526,GK,31.0,3420,0.0,0.0,0.0
Kiernan Dewsbury-Hall,Everton,2526,MF,26.0,2626,0.27,0.14,0.41
Michael Keane,Everton,2526,DF,32.0,2591,0.1,0.03,0.14
Thierno Barry,Everton,2526,FW,22.0,1914,0.38,0.0,0.38
Tim Iroegbunam,Everton,2526,MF,22.0,1487,0.0,0.12,0.12
Vitaliy Mykolenko,Everton,2526,DF,26.0,2958,0.0,0.03,0.03
Alex Iwobi,Fulham,2526,MF,29.0,2419,0.15,0.11,0.26
Antonee Robinson,Fulham,2526,"DF,MF",27.0,1492,0.06,0.0,0.06
Bernd Leno,Fulham,2526,GK,33.0,3420,0.0,0.0,0.0
Calvin Bassey,Fulham,2526,DF,25.0,2534,0.04,0.0,0.04
Emile Smith Rowe,Fulham,2526,MF,25.0,1923,0.14,0.0,0.14
Harry Wilson,Fulham,2526,MF,28.0,2673,0.34,0.24,0.57
Joachim Andersen,Fulham,2526,DF,29.0,2875,0.0,0.03,0.03
Jorge Cuenca,Fulham,2526,DF,25.0,938,0.0,0.0,0.0
Joshua King,Fulham,2526,MF,18.0,1308,0.07,0.14,0.21
Kenny Tete,Fulham,2526,DF,29.0,1791,0.05,0.0,0.05
Kevin,Fulham,2526,MF,22.0,1041,0.09,0.09,0.17
Raúl Jiménez,Fulham,2526,FW,34.0,2189,0.37,0.12,0.49
Rodrigo Muniz,Fulham,2526,FW,24.0,1000,0.09,0.09,0.18
Ryan Sessegnon,Fulham,2526,"DF,MF",25.0,1823,0.15,0.05,0.2
Samuel Chukwueze,Fulham,2526,MF,26.0,1079,0.25,0.33,0.58
Sander Berge,Fulham,2526,MF,27.0,2905,0.0,0.03,0.03
Saša Lukić,Fulham,2526,MF,28.0,1734,0.05,0.1,0.16
Timothy Castagne,Fulham,2526,"DF,MF",29.0,1845,0.0,0.0,0.0
Anton Stach,Leeds United,2526,MF,26.0,2370,0.19,0.11,0.3
Ao Tanaka,Leeds United,2526,MF,26.0,1315,0.14,0.0,0.14
Brenden Aaronson,Leeds United,2526,"MF,FW",24.0,2449,0.15,0.18,0.33
Dominic Calvert-Lewin,Leeds United,2526,FW,28.0,2721,0.46,0.03,0.5
Ethan Ampadu,Leeds United,2526,MF,24.0,3119,0.03,0.03,0.06
Gabriel Gudmundsson,Leeds United,2526,"DF,MF",26.0,2631,0.0,0.0,0.0
Ilia Gruev,Leeds United,2526,MF,25.0,1323,0.0,0.2,0.2
Jaka Bijol,Leeds United,2526,DF,26.0,1890,0.05,0.1,0.14
James Justin,Leeds United,2526,"DF,MF",27.0,1901,0.09,0.05,0.14
Jayden Bogle,Leeds United,2526,"MF,DF",25.0,2793,0.03,0.06,0.1
Joe Rodon,Leeds United,2526,DF,27.0,2951,0.06,0.0,0.06
Karl Darlow,Leeds United,2526,GK,34.0,1980,0.0,0.0,0.0
Lucas Perri,Leeds United,2526,GK,27.0,1440,0.0,0.0,0.0
Lukas Nmecha,Leeds United,2526,FW,26.0,1083,0.5,0.08,0.58
Noah Okafor,Leeds United,2526,"FW,MF",25.0,1561,0.46,0.06,0.52
Pascal Struijk,Leeds United,2526,DF,25.0,2936,0.0,0.03,0.03
Sean Longstaff,Leeds United,2526,MF,27.0,1011,0.18,0.18,0.36
Alexis Mac Allister,Liverpool,2526,MF,26.0,2658,0.07,0.14,0.2
Alisson,Liverpool,2526,GK,32.0,2340,0.0,0.0,0.0
Andy Robertson,Liverpool,2526,DF,31.0,1176,0.08,0.0,0.08
Cody Gakpo,Liverpool,2526,"MF,FW",26.0,2737,0.23,0.16,0.39
Conor Bradley,Liverpool,2526,DF,22.0,929,0.0,0.1,0.1
Curtis Jones,Liverpool,2526,"MF,DF",24.0,1937,0.05,0.09,0.14
Dominik Szoboszlai,Liverpool,2526,"MF,DF",24.0,3231,0.17,0.19,0.36
Florian Wirtz,Liverpool,2526,MF,22.0,2378,0.19,0.11,0.3
Hugo Ekitike,Liverpool,2526,FW,23.0,1803,0.55,0.2,0.75
Ibrahima Konaté,Liverpool,2526,DF,26.0,3090,0.03,0.0,0.03
Jeremie Frimpong,Liverpool,2526,"DF,MF",24.0,1040,0.0,0.09,0.09
Milos Kerkez,Liverpool,2526,DF,21.0,2257,0.08,0.04,0.12
Mohamed Salah,Liverpool,2526,MF,33.0,2146,0.29,0.29,0.59
Ryan Gravenberch,Liverpool,2526,MF,23.0,2992,0.15,0.09,0.24
Virgil van Dijk,Liverpool,2526,DF,34.0,3420,0.16,0.0,0.16
Abdukodir Khusanov,Manchester City,2526,DF,21.0,1432,0.0,0.0,0.0
Antoine Semenyo,Manchester City,2526,"MF,FW",25.0,1397,0.45,0.06,0.52
Bernardo Silva,Manchester City,2526,MF,30.0,2872,0.06,0.13,0.19
Erling Haaland,Manchester City,2526,FW,25.0,2953,0.82,0.24,1.07
Gianluigi Donnarumma,Manchester City,2526,GK,26.0,3060,0.0,0.0,0.0
Jeremy Doku,Manchester City,2526,"MF,FW",23.0,1784,0.25,0.25,0.5
Joško Gvardiol,Manchester City,2526,DF,23.0,1372,0.13,0.13,0.26
Marc Guéhi,Manchester City,2526,DF,25.0,1350,0.07,0.07,0.13
Matheus Nunes,Manchester City,2526,DF,26.0,2862,0.03,0.16,0.19
Nico O'Reilly,Manchester City,2526,"DF,MF",20.0,2646,0.17,0.1,0.27
Nicolás González,Manchester City,2526,MF,23.0,1569,0.06,0.0,0.06
Phil Foden,Manchester City,2526,MF,25.0,2086,0.3,0.22,0.52
Rayan Aït-Nouri,Manchester City,2526,DF,24.0,974,0.0,0.18,0.18
Rayan Cherki,Manchester City,2526,MF,21.0,1786,0.2,0.6,0.81
Rodri,Manchester City,2526,MF,29.0,1511,0.06,0.0,0.06
Rúben Dias,Manchester City,2526,DF,28.0,2141,0.08,0.0,0.08
Tijjani Reijnders,Manchester City,2526,MF,27.0,1631,0.28,0.11,0.39
Amad Diallo,Manchester Utd,2526,MF,23.0,2341,0.08,0.12,0.19
Ayden Heaven,Manchester Utd,2526,DF,18.0,924,0.0,0.1,0.1
Benjamin Šeško,Manchester Utd,2526,FW,22.0,1643,0.6,0.05,0.66
Bruno Fernandes,Manchester Utd,2526,MF,30.0,3063,0.26,0.62,0.88
Bryan Mbeumo,Manchester Utd,2526,"MF,FW",25.0,2609,0.38,0.1,0.48
Casemiro,Manchester Utd,2526,MF,33.0,2571,0.32,0.07,0.39
Diogo Dalot,Manchester Utd,2526,"DF,MF",26.0,2614,0.03,0.1,0.14
Harry Maguire,Manchester Utd,2526,DF,32.0,1653,0.05,0.11,0.16
Kobbie Mainoo,Manchester Utd,2526,MF,20.0,1662,0.05,0.11,0.16
Leny Yoro,Manchester Utd,2526,DF,19.0,1740,0.0,0.0,0.0
Lisandro Martínez,Manchester Utd,2526,DF,27.0,1233,0.0,0.0,0.0
Luke Shaw,Manchester Utd,2526,DF,30.0,3219,0.03,0.03,0.06
Mason Mount,Manchester Utd,2526,MF,26.0,1017,0.27,0.0,0.27
Matheus Cunha,Manchester Utd,2526,"MF,FW",26.0,2494,0.36,0.07,0.43
Matthijs de Ligt,Manchester Utd,2526,DF,25.0,1170,0.08,0.0,0.08
Noussair Mazraoui,Manchester Utd,2526,"DF,MF",27.0,985,0.0,0.0,0.0
Patrick Dorgu,Manchester Utd,2526,MF,20.0,1449,0.25,0.25,0.5
Senne Lammens,Manchester Utd,2526,GK,23.0,2880,0.0,0.0,0.0
Aaron Ramsdale,Newcastle,2526,GK,27.0,1004,0.0,0.0,0.0
Anthony Elanga,Newcastle,2526,"FW,MF",23.0,1319,0.0,0.07,0.07
Anthony Gordon,Newcastle,2526,FW,24.0,1795,0.3,0.1,0.4
Bruno Guimarães,Newcastle,2526,MF,27.0,2453,0.33,0.18,0.51
Dan Burn,Newcastle,2526,DF,33.0,2199,0.04,0.08,0.12
Fabian Schär,Newcastle,2526,DF,33.0,1091,0.0,0.0,0.0
Harvey Barnes,Newcastle,2526,"FW,MF",27.0,1966,0.32,0.05,0.37
Jacob Murphy,Newcastle,2526,"FW,MF",30.0,1617,0.17,0.11,0.28
Jacob Ramsey,Newcastle,2526,MF,24.0,1450,0.12,0.19,0.31
Joe Willock,Newcastle,2526,MF,25.0,983,0.0,0.18,0.18
Joelinton,Newcastle,2526,MF,28.0,1951,0.09,0.05,0.14
Kieran Trippier,Newcastle,2526,DF,34.0,1586,0.0,0.06,0.06
Lewis Hall,Newcastle,2526,DF,20.0,2181,0.04,0.04,0.08
Lewis Miley,Newcastle,2526,"MF,DF",19.0,1496,0.06,0.24,0.3
Malick Thiaw,Newcastle,2526,DF,23.0,2965,0.12,0.0,0.12
Nick Pope,Newcastle,2526,GK,33.0,2416,0.0,0.0,0.0
Nick Woltemade,Newcastle,2526,"FW,MF",23.0,1902,0.38,0.14,0.52
Sandro Tonali,Newcastle,2526,MF,25.0,2534,0.0,0.07,0.07
Sven Botman,Newcastle,2526,DF,25.0,1835,0.05,0.05,0.1
Tino Livramento,Newcastle,2526,DF,22.0,1328,0.0,0.07,0.07
Callum Hudson-Odoi,Nottingham,2526,MF,24.0,1841,0.15,0.2,0.34
Chris Wood,Nottingham,2526,FW,33.0,901,0.3,0.0,0.3
Dan Ndoye,Nottingham,2526,MF,24.0,1173,0.08,0.08,0.15
Elliot Anderson,Nottingham,2526,MF,22.0,3331,0.11,0.11,0.22
Ibrahim Sangaré,Nottingham,2526,MF,27.0,2075,0.09,0.09,0.17
Igor Jesus,Nottingham,2526,FW,24.0,2298,0.23,0.16,0.39
Matz Sels,Nottingham,2526,GK,33.0,2668,0.0,0.0,0.0
Morato,Nottingham,2526,DF,24.0,1345,0.07,0.0,0.07
Morgan Gibbs-White,Nottingham,2526,MF,25.0,3097,0.44,0.12,0.55
Murillo,Nottingham,2526,DF,23.0,2130,0.04,0.0,0.04
Neco Williams,Nottingham,2526,DF,24.0,3204,0.06,0.08,0.14
Nicolás Domínguez,Nottingham,2526,MF,27.0,1175,0.08,0.08,0.15
Nicolò Savona,Nottingham,2526,DF,22.0,1028,0.18,0.0,0.18
Nikola Milenković,Nottingham,2526,DF,27.0,3375,0.0,0.0,0.0
Ola Aina,Nottingham,2526,DF,28.0,1588,0.0,0.0,0.0
Omari Hutchinson,Nottingham,2526,MF,21.0,1688,0.05,0.27,0.32
Brian Brobbey,Sunderland,2526,FW,23.0,1927,0.33,0.05,0.37
Chemsdine Talbi,Sunderland,2526,"MF,FW",20.0,1561,0.23,0.06,0.29
Daniel Ballard,Sunderland,2526,DF,25.0,2149,0.08,0.0,0.08
Enzo Le Fée,Sunderland,2526,"MF,FW",25.0,2930,0.15,0.18,0.34
Granit Xhaka,Sunderland,2526,MF,32.0,2904,0.03,0.19,0.22
Habib Diarra,Sunderland,2526,MF,21.0,1405,0.13,0.13,0.26
Lutsharel Geertruida,Sunderland,2526,"DF,MF",25.0,1693,0.0,0.0,0.0
Noah Sadiki,Sunderland,2526,MF,20.0,2889,0.0,0.03,0.03
Nordi Mukiele,Sunderland,2526,DF,27.0,2784,0.1,0.1,0.19
Omar Alderete,Sunderland,2526,DF,28.0,2798,0.03,0.03,0.06
Reinildo Mandava,Sunderland,2526,DF,31.0,1966,0.0,0.05,0.05
Robin Roefs,Sunderland,2526,GK,22.0,3150,0.0,0.0,0.0
Trai Hume,Sunderland,2526,"DF,MF",23.0,3036,0.06,0.03,0.09
Wilson Isidor,Sunderland,2526,FW,24.0,1165,0.46,0.0,0.46
Archie Gray,Tottenham,2526,"MF,DF",19.0,1478,0.12,0.12,0.24
Conor Gallagher,Tottenham,2526,MF,25.0,1184,0.08,0.08,0.15
Cristian Romero,Tottenham,2526,DF,27.0,1868,0.19,0.05,0.24
Destiny Udogie,Tottenham,2526,"DF,MF",22.0,1338,0.0,0.07,0.07
Djed Spence,Tottenham,2526,"DF,MF",24.0,2056,0.0,0.0,0.0
Dominic Solanke,Tottenham,2526,FW,27.0,1001,0.27,0.0,0.27
Guglielmo Vicario,Tottenham,2526,GK,28.0,2790,0.0,0.0,0.0
João Palhinha,Tottenham,2526,MF,30.0,2198,0.2,0.08,0.29
Kevin Danso,Tottenham,2526,DF,26.0,1494,0.0,0.0,0.0
Lucas Bergvall,Tottenham,2526,MF,19.0,965,0.09,0.28,0.37
Mathys Tel,Tottenham,2526,"MF,FW",20.0,1349,0.27,0.07,0.33
Micky van de Ven,Tottenham,2526,DF,24.0,3041,0.12,0.03,0.15
Mohammed Kudus,Tottenham,2526,"MF,FW",24.0,1535,0.12,0.29,0.41
Pape Matar Sarr,Tottenham,2526,MF,22.0,1398,0.13,0.26,0.39
Pedro Porro,Tottenham,2526,DF,25.0,2796,0.03,0.06,0.1
Randal Kolo Muani,Tottenham,2526,"FW,MF",26.0,1664,0.05,0.05,0.11
Richarlison,Tottenham,2526,"FW,MF",28.0,1964,0.5,0.18,0.69
Rodrigo Bentancur,Tottenham,2526,MF,28.0,1883,0.05,0.05,0.1
Wilson Odobert,Tottenham,2526,"MF,FW",20.0,985,0.0,0.18,0.18
Xavi Simons,Tottenham,2526,"MF,FW",22.0,1755,0.1,0.26,0.36
Aaron Wan-Bissaka,West Ham,2526,"DF,MF",27.0,2081,0.0,0.09,0.09
Alphonse Areola,West Ham,2526,GK,32.0,1800,0.0,0.05,0.05
Axel Disasi,West Ham,2526,DF,27.0,1254,0.0,0.0,0.0
Callum Wilson,West Ham,2526,FW,33.0,1251,0.5,0.07,0.58
Crysencio Summerville,West Ham,2526,"MF,FW",23.0,2470,0.18,0.07,0.26
El Hadji Malick Diouf,West Ham,2526,"DF,MF",20.0,2707,0.0,0.17,0.17
Freddie Potts,West Ham,2526,MF,21.0,1171,0.0,0.08,0.08
Jarrod Bowen,West Ham,2526,"MF,FW",28.0,3403,0.24,0.29,0.53
Jean-Clair Todibo,West Ham,2526,DF,25.0,1814,0.0,0.05,0.05
Konstantinos Mavropanos,West Ham,2526,DF,27.0,2534,0.11,0.0,0.11
Kyle Walker-Peters,West Ham,2526,DF,28.0,1383,0.07,0.0,0.07
Lucas Paquetá,West Ham,2526,"MF,FW",27.0,1511,0.24,0.06,0.3
Mads Hermansen,West Ham,2526,GK,25.0,1620,0.0,0.06,0.06
Mateus Fernandes,West Ham,2526,MF,21.0,3016,0.09,0.12,0.21
Max Kilman,West Ham,2526,DF,28.0,1561,0.0,0.0,0.0
Soungoutou Magassa,West Ham,2526,MF,21.0,981,0.09,0.0,0.09
Tomáš Souček,West Ham,2526,MF,30.0,2200,0.2,0.0,0.2
Valentín Castellanos,West Ham,2526,FW,26.0,1384,0.39,0.0,0.39
Adam Armstrong,Wolves,2526,"FW,MF",28.0,1140,0.16,0.16,0.32
André,Wolves,2526,MF,24.0,2762,0.03,0.0,0.03
David Møller Wolfe,Wolves,2526,"MF,DF",23.0,1049,0.0,0.17,0.17
Emmanuel Agbadou,Wolves,2526,DF,28.0,1101,0.0,0.0,0.0
Hugo Bueno,Wolves,2526,"MF,DF",22.0,2366,0.04,0.08,0.11
Hwang Hee-chan,Wolves,2526,"FW,MF",29.0,1446,0.12,0.12,0.25
Jackson Tchatchoua,Wolves,2526,"MF,DF",23.0,1845,0.0,0.05,0.05
Jean-Ricner Bellegarde,Wolves,2526,"MF,FW",27.0,1248,0.07,0.07,0.14
Jhon Arias,Wolves,2526,"FW,MF",27.0,1124,0.08,0.0,0.08
José Sá,Wolves,2526,GK,32.0,2070,0.0,0.0,0.0
João Gomes,Wolves,2526,MF,24.0,2829,0.03,0.03,0.06
Jørgen Strand Larsen,Wolves,2526,FW,25.0,1404,0.06,0.06,0.13
Ladislav Krejčí,Wolves,2526,"DF,MF",26.0,2356,0.08,0.04,0.11
Mateus Mane,Wolves,2526,MF,17.0,1795,0.15,0.05,0.2
Rodrigo Gomes,Wolves,2526,"MF,FW",22.0,960,0.28,0.0,0.28
Sam Johnstone,Wolves,2526,GK,32.0,1080,0.0,0.0,0.0
Santiago Bueno,Wolves,2526,DF,26.0,2553,0.11,0.04,0.14
Tolu Arokodare,Wolves,2526,FW,24.0,1419,0.19,0.06,0.25
Toti Gomes,Wolves,2526,DF,26.0,1424,0.0,0.0,0.0
Yerson Mosquera,Wolves,2526,DF,24.0,2136,0.0,0.0,0.0
